{
  "cities": [
    {
      "name": "Tokyo",
      "country": "Japan",
      "country_code": "JP",
      "lat": 35.687,
      "lon": 139.7495,
      "population": 37785000
    },
    {
      "name": "Jakarta",
      "country": "Indonesia",
      "country_code": "ID",
      "lat": -6.175,
      "lon": 106.8275,
      "population": 33756000
    },
    {
      "name": "Delhi",
      "country": "India",
      "country_code": "IN",
      "lat": 28.61,
      "lon": 77.23,
      "population": 32226000
    },
    {
      "name": "Guangzhou",
      "country": "China",
      "country_code": "CN",
      "lat": 23.13,
      "lon": 113.26,
      "population": 26940000
    },
    {
      "name": "Mumbai",
      "country": "India",
      "country_code": "IN",
      "lat": 19.0761,
      "lon": 72.8775,
      "population": 24973000
    },
    {
      "name": "Manila",
      "country": "Philippines",
      "country_code": "PH",
      "lat": 14.5958,
      "lon": 120.9772,
      "population": 24922000
    },
    {
      "name": "Shanghai",
      "country": "China",
      "country_code": "CN",
      "lat": 31.2286,
      "lon": 121.4747,
      "population": 24073000
    },
    {
      "name": "São Paulo",
      "country": "Brazil",
      "country_code": "BR",
      "lat": -23.5504,
      "lon": -46.6339,
      "population": 23086000
    },
    {
      "name": "Seoul",
      "country": "Korea, South",
      "country_code": "KR",
      "lat": 37.5667,
      "lon": 126.9833,
      "population": 23016000
    },
    {
      "name": "Mexico City",
      "country": "Mexico",
      "country_code": "MX",
      "lat": 19.4333,
      "lon": -99.1333,
      "population": 21804000
    },
    {
      "name": "Kolkāta",
      "country": "India",
      "country_code": "IN",
      "lat": 22.5675,
      "lon": 88.37,
      "population": 21747000
    },
    {
      "name": "Cairo",
      "country": "Egypt",
      "country_code": "EG",
      "lat": 30.0444,
      "lon": 31.2358,
      "population": 20296000
    },
    {
      "name": "Karachi",
      "country": "Pakistan",
      "country_code": "PK",
      "lat": 24.86,
      "lon": 67.01,
      "population": 20249000
    },
    {
      "name": "Dhaka",
      "country": "Bangladesh",
      "country_code": "BD",
      "lat": 23.7289,
      "lon": 90.3944,
      "population": 19134000
    },
    {
      "name": "New York",
      "country": "United States",
      "country_code": "US",
      "lat": 40.6943,
      "lon": -73.9249,
      "population": 18832416
    },
    {
      "name": "Beijing",
      "country": "China",
      "country_code": "CN",
      "lat": 39.9067,
      "lon": 116.3975,
      "population": 18522000
    },
    {
      "name": "Bangkok",
      "country": "Thailand",
      "country_code": "TH",
      "lat": 13.7525,
      "lon": 100.4942,
      "population": 18007000
    },
    {
      "name": "Shenzhen",
      "country": "China",
      "country_code": "CN",
      "lat": 22.5415,
      "lon": 114.0596,
      "population": 17619000
    },
    {
      "name": "Moscow",
      "country": "Russia",
      "country_code": "RU",
      "lat": 55.7506,
      "lon": 37.6175,
      "population": 17332000
    },
    {
      "name": "Buenos Aires",
      "country": "Argentina",
      "country_code": "AR",
      "lat": -34.6036,
      "lon": -58.3814,
      "population": 16710000
    },
    {
      "name": "Lagos",
      "country": "Nigeria",
      "country_code": "NG",
      "lat": 6.455,
      "lon": 3.3841,
      "population": 16637000
    },
    {
      "name": "Bangalore",
      "country": "India",
      "country_code": "IN",
      "lat": 12.9789,
      "lon": 77.5917,
      "population": 15386000
    },
    {
      "name": "Ho Chi Minh City",
      "country": "Vietnam",
      "country_code": "VN",
      "lat": 10.7756,
      "lon": 106.7019,
      "population": 15136000
    },
    {
      "name": "Ōsaka",
      "country": "Japan",
      "country_code": "JP",
      "lat": 34.6939,
      "lon": 135.5022,
      "population": 15126000
    },
    {
      "name": "Chengdu",
      "country": "China",
      "country_code": "CN",
      "lat": 30.66,
      "lon": 104.0633,
      "population": 14645000
    },
    {
      "name": "Istanbul",
      "country": "Turkey",
      "country_code": "TR",
      "lat": 41.0136,
      "lon": 28.955,
      "population": 14441000
    },
    {
      "name": "Tehran",
      "country": "Iran",
      "country_code": "IR",
      "lat": 35.6889,
      "lon": 51.3897,
      "population": 14148000
    },
    {
      "name": "Kinshasa",
      "country": "Congo (Kinshasa)",
      "country_code": "CD",
      "lat": -4.3219,
      "lon": 15.3119,
      "population": 12836000
    },
    {
      "name": "Rio de Janeiro",
      "country": "Brazil",
      "country_code": "BR",
      "lat": -22.9111,
      "lon": -43.2056,
      "population": 12592000
    },
    {
      "name": "Chennai",
      "country": "India",
      "country_code": "IN",
      "lat": 13.0825,
      "lon": 80.275,
      "population": 12395000
    },
    {
      "name": "Xi’an",
      "country": "China",
      "country_code": "CN",
      "lat": 34.2611,
      "lon": 108.9422,
      "population": 12328000
    },
    {
      "name": "Lahore",
      "country": "Pakistan",
      "country_code": "PK",
      "lat": 31.5497,
      "lon": 74.3436,
      "population": 12306000
    },
    {
      "name": "Chongqing",
      "country": "China",
      "country_code": "CN",
      "lat": 29.5637,
      "lon": 106.5504,
      "population": 12135000
    },
    {
      "name": "Los Angeles",
      "country": "United States",
      "country_code": "US",
      "lat": 34.1141,
      "lon": -118.4068,
      "population": 11885717
    },
    {
      "name": "London",
      "country": "United Kingdom",
      "country_code": "GB",
      "lat": 51.5072,
      "lon": -0.1275,
      "population": 11262000
    },
    {
      "name": "Paris",
      "country": "France",
      "country_code": "FR",
      "lat": 48.8567,
      "lon": 2.3522,
      "population": 11060000
    },
    {
      "name": "Linyi",
      "country": "China",
      "country_code": "CN",
      "lat": 35.1038,
      "lon": 118.3564,
      "population": 10820000
    },
    {
      "name": "Dongguan",
      "country": "China",
      "country_code": "CN",
      "lat": 23.021,
      "lon": 113.752,
      "population": 10646000
    },
    {
      "name": "Baoding",
      "country": "China",
      "country_code": "CN",
      "lat": 38.874,
      "lon": 115.464,
      "population": 10546831
    },
    {
      "name": "Hyderābād",
      "country": "India",
      "country_code": "IN",
      "lat": 17.3617,
      "lon": 78.4747,
      "population": 10494000
    },
    {
      "name": "Tianjin",
      "country": "China",
      "country_code": "CN",
      "lat": 39.1336,
      "lon": 117.2054,
      "population": 10368000
    },
    {
      "name": "Lima",
      "country": "Peru",
      "country_code": "PE",
      "lat": -12.06,
      "lon": -77.0375,
      "population": 10320000
    },
    {
      "name": "Wuhan",
      "country": "China",
      "country_code": "CN",
      "lat": 30.5934,
      "lon": 114.3046,
      "population": 10251000
    },
    {
      "name": "Nanyang",
      "country": "China",
      "country_code": "CN",
      "lat": 32.9902,
      "lon": 112.5285,
      "population": 9577771
    },
    {
      "name": "Hangzhou",
      "country": "China",
      "country_code": "CN",
      "lat": 30.267,
      "lon": 120.153,
      "population": 9523000
    },
    {
      "name": "Nagoya",
      "country": "Japan",
      "country_code": "JP",
      "lat": 35.1833,
      "lon": 136.9,
      "population": 9197000
    },
    {
      "name": "Luanda",
      "country": "Angola",
      "country_code": "AO",
      "lat": -8.8383,
      "lon": 13.2344,
      "population": 9051000
    },
    {
      "name": "Foshan",
      "country": "China",
      "country_code": "CN",
      "lat": 23.0214,
      "lon": 113.1216,
      "population": 9042500
    },
    {
      "name": "Kuala Lumpur",
      "country": "Malaysia",
      "country_code": "MY",
      "lat": 3.1686,
      "lon": 101.698,
      "population": 8911000
    },
    {
      "name": "Zhoukou",
      "country": "China",
      "country_code": "CN",
      "lat": 33.6367,
      "lon": 114.7014,
      "population": 8677800
    },
    {
      "name": "Tongshan",
      "country": "China",
      "country_code": "CN",
      "lat": 34.261,
      "lon": 117.1859,
      "population": 8669000
    },
    {
      "name": "Hanoi",
      "country": "Vietnam",
      "country_code": "VN",
      "lat": 21.0,
      "lon": 105.85,
      "population": 8587100
    },
    {
      "name": "Chicago",
      "country": "United States",
      "country_code": "US",
      "lat": 41.8375,
      "lon": -87.6866,
      "population": 8489066
    },
    {
      "name": "Nanjing",
      "country": "China",
      "country_code": "CN",
      "lat": 32.0608,
      "lon": 118.7789,
      "population": 8422000
    },
    {
      "name": "Heze",
      "country": "China",
      "country_code": "CN",
      "lat": 35.2343,
      "lon": 115.4796,
      "population": 8287693
    },
    {
      "name": "Pune",
      "country": "India",
      "country_code": "IN",
      "lat": 18.5203,
      "lon": 73.8567,
      "population": 8231000
    },
    {
      "name": "Jining",
      "country": "China",
      "country_code": "CN",
      "lat": 35.4151,
      "lon": 116.5871,
      "population": 8081905
    },
    {
      "name": "Bogotá",
      "country": "Colombia",
      "country_code": "CO",
      "lat": 4.7111,
      "lon": -74.0722,
      "population": 8034649
    },
    {
      "name": "Ahmedabad",
      "country": "India",
      "country_code": "IN",
      "lat": 23.0225,
      "lon": 72.5714,
      "population": 8009000
    },
    {
      "name": "Shenyang",
      "country": "China",
      "country_code": "CN",
      "lat": 41.8025,
      "lon": 123.4281,
      "population": 7964000
    },
    {
      "name": "Dar es Salaam",
      "country": "Tanzania",
      "country_code": "TZ",
      "lat": -6.8161,
      "lon": 39.2803,
      "population": 7962000
    },
    {
      "name": "Khartoum",
      "country": "Sudan",
      "country_code": "SD",
      "lat": 15.6031,
      "lon": 32.5265,
      "population": 7869000
    },
    {
      "name": "Johannesburg",
      "country": "South Africa",
      "country_code": "ZA",
      "lat": -26.2044,
      "lon": 28.0456,
      "population": 7860781
    },
    {
      "name": "Fuyang",
      "country": "China",
      "country_code": "CN",
      "lat": 32.89,
      "lon": 115.814,
      "population": 7599913
    },
    {
      "name": "Hong Kong",
      "country": "Hong Kong",
      "country_code": "HK",
      "lat": 22.3,
      "lon": 114.2,
      "population": 7450000
    },
    {
      "name": "Ganzhou",
      "country": "China",
      "country_code": "CN",
      "lat": 25.831,
      "lon": 114.933,
      "population": 7396873
    },
    {
      "name": "Shangqiu",
      "country": "China",
      "country_code": "CN",
      "lat": 34.415,
      "lon": 115.656,
      "population": 7325300
    },
    {
      "name": "Cangzhou",
      "country": "China",
      "country_code": "CN",
      "lat": 38.3047,
      "lon": 116.8387,
      "population": 7300783
    },
    {
      "name": "Riyadh",
      "country": "Saudi Arabia",
      "country_code": "SA",
      "lat": 24.65,
      "lon": 46.71,
      "population": 7237000
    },
    {
      "name": "Santiago",
      "country": "Chile",
      "country_code": "CL",
      "lat": -33.4372,
      "lon": -70.6506,
      "population": 7171000
    },
    {
      "name": "Zhumadian",
      "country": "China",
      "country_code": "CN",
      "lat": 33.014,
      "lon": 114.022,
      "population": 7008427
    },
    {
      "name": "Zhanjiang",
      "country": "China",
      "country_code": "CN",
      "lat": 21.2701,
      "lon": 110.3575,
      "population": 6981236
    },
    {
      "name": "Rangoon",
      "country": "Burma",
      "country_code": "MM",
      "lat": 16.795,
      "lon": 96.16,
      "population": 6874000
    },
    {
      "name": "Yancheng",
      "country": "China",
      "country_code": "CN",
      "lat": 33.35,
      "lon": 120.1569,
      "population": 6709629
    },
    {
      "name": "Bijie",
      "country": "China",
      "country_code": "CN",
      "lat": 27.284,
      "lon": 105.292,
      "population": 6686100
    },
    {
      "name": "Xingtai",
      "country": "China",
      "country_code": "CN",
      "lat": 37.0717,
      "lon": 114.5048,
      "population": 6645766
    },
    {
      "name": "Hengyang",
      "country": "China",
      "country_code": "CN",
      "lat": 26.894,
      "lon": 112.572,
      "population": 6645243
    },
    {
      "name": "Shaoyang",
      "country": "China",
      "country_code": "CN",
      "lat": 27.2395,
      "lon": 111.4679,
      "population": 6563520
    },
    {
      "name": "Surabaya",
      "country": "Indonesia",
      "country_code": "ID",
      "lat": -7.2458,
      "lon": 112.7378,
      "population": 6556000
    },
    {
      "name": "Sūrat",
      "country": "India",
      "country_code": "IN",
      "lat": 21.205,
      "lon": 72.84,
      "population": 6538000
    },
    {
      "name": "Quanzhou",
      "country": "China",
      "country_code": "CN",
      "lat": 24.8744,
      "lon": 118.6757,
      "population": 6480000
    },
    {
      "name": "Shangrao",
      "country": "China",
      "country_code": "CN",
      "lat": 28.4551,
      "lon": 117.9431,
      "population": 6435300
    },
    {
      "name": "Zunyi",
      "country": "China",
      "country_code": "CN",
      "lat": 27.722,
      "lon": 107.031,
      "population": 6270700
    },
    {
      "name": "Madrid",
      "country": "Spain",
      "country_code": "ES",
      "lat": 40.4169,
      "lon": -3.7033,
      "population": 6211000
    },
    {
      "name": "Baghdad",
      "country": "Iraq",
      "country_code": "IQ",
      "lat": 33.3153,
      "lon": 44.3661,
      "population": 6183000
    },
    {
      "name": "Maoming",
      "country": "China",
      "country_code": "CN",
      "lat": 21.6627,
      "lon": 110.9255,
      "population": 6174050
    },
    {
      "name": "Miami",
      "country": "United States",
      "country_code": "US",
      "lat": 25.784,
      "lon": -80.2101,
      "population": 6113982
    },
    {
      "name": "Xinyang",
      "country": "China",
      "country_code": "CN",
      "lat": 32.149,
      "lon": 114.091,
      "population": 6109106
    },
    {
      "name": "Houston",
      "country": "United States",
      "country_code": "US",
      "lat": 29.786,
      "lon": -95.3885,
      "population": 6046392
    },
    {
      "name": "Singapore",
      "country": "Singapore",
      "country_code": "SG",
      "lat": 1.3,
      "lon": 103.8,
      "population": 5983000
    },
    {
      "name": "Prayagraj",
      "country": "India",
      "country_code": "IN",
      "lat": 25.4358,
      "lon": 81.8464,
      "population": 5954391
    },
    {
      "name": "Huanggang",
      "country": "China",
      "country_code": "CN",
      "lat": 30.4537,
      "lon": 114.8724,
      "population": 5882719
    },
    {
      "name": "Dalian",
      "country": "China",
      "country_code": "CN",
      "lat": 38.9,
      "lon": 121.6,
      "population": 5871474
    },
    {
      "name": "Ankara",
      "country": "Turkey",
      "country_code": "TR",
      "lat": 39.93,
      "lon": 32.85,
      "population": 5864049
    },
    {
      "name": "Dallas",
      "country": "United States",
      "country_code": "US",
      "lat": 32.7935,
      "lon": -96.7667,
      "population": 5843632
    },
    {
      "name": "Qingdao",
      "country": "China",
      "country_code": "CN",
      "lat": 36.0669,
      "lon": 120.3827,
      "population": 5818255
    },
    {
      "name": "Yulin",
      "country": "China",
      "country_code": "CN",
      "lat": 22.654,
      "lon": 110.181,
      "population": 5796766
    },
    {
      "name": "Liaocheng",
      "country": "China",
      "country_code": "CN",
      "lat": 36.4559,
      "lon": 115.9852,
      "population": 5789863
    },
    {
      "name": "Douala",
      "country": "Cameroon",
      "country_code": "CM",
      "lat": 4.05,
      "lon": 9.7,
      "population": 5768400
    },
    {
      "name": "Qujing",
      "country": "China",
      "country_code": "CN",
      "lat": 25.491,
      "lon": 103.796,
      "population": 5765775
    },
    {
      "name": "Nangandao",
      "country": "China",
      "country_code": "CN",
      "lat": 35.3036,
      "lon": 113.9268,
      "population": 5708191
    },
    {
      "name": "Addis Ababa",
      "country": "Ethiopia",
      "country_code": "ET",
      "lat": 9.03,
      "lon": 38.74,
      "population": 5704000
    },
    {
      "name": "Philadelphia",
      "country": "United States",
      "country_code": "US",
      "lat": 40.0077,
      "lon": -75.1339,
      "population": 5696588
    },
    {
      "name": "Toronto",
      "country": "Canada",
      "country_code": "CA",
      "lat": 43.7417,
      "lon": -79.3733,
      "population": 5647656
    },
    {
      "name": "Zhengzhou",
      "country": "China",
      "country_code": "CN",
      "lat": 34.764,
      "lon": 113.684,
      "population": 5621593
    },
    {
      "name": "Nanchong",
      "country": "China",
      "country_code": "CN",
      "lat": 30.8372,
      "lon": 106.1106,
      "population": 5607565
    },
    {
      "name": "Jinan",
      "country": "China",
      "country_code": "CN",
      "lat": 36.6702,
      "lon": 117.0207,
      "population": 5606374
    },
    {
      "name": "Giza",
      "country": "Egypt",
      "country_code": "EG",
      "lat": 29.987,
      "lon": 31.2118,
      "population": 5598402
    },
    {
      "name": "Saint Petersburg",
      "country": "Russia",
      "country_code": "RU",
      "lat": 59.9375,
      "lon": 30.3086,
      "population": 5597763
    },
    {
      "name": "Jieyang",
      "country": "China",
      "country_code": "CN",
      "lat": 23.551,
      "lon": 116.3727,
      "population": 5577814
    },
    {
      "name": "Dezhou",
      "country": "China",
      "country_code": "CN",
      "lat": 37.436,
      "lon": 116.359,
      "population": 5568235
    },
    {
      "name": "Nairobi",
      "country": "Kenya",
      "country_code": "KE",
      "lat": -1.2864,
      "lon": 36.8172,
      "population": 5545000
    },
    {
      "name": "Guadalajara",
      "country": "Mexico",
      "country_code": "MX",
      "lat": 20.6767,
      "lon": -103.3475,
      "population": 5525000
    },
    {
      "name": "Tai’an",
      "country": "China",
      "country_code": "CN",
      "lat": 36.202,
      "lon": 117.087,
      "population": 5472217
    },
    {
      "name": "Dazhou",
      "country": "China",
      "country_code": "CN",
      "lat": 31.2093,
      "lon": 107.4678,
      "population": 5385422
    },
    {
      "name": "Belo Horizonte",
      "country": "Brazil",
      "country_code": "BR",
      "lat": -19.9281,
      "lon": -43.9419,
      "population": 5328000
    },
    {
      "name": "Suzhou",
      "country": "China",
      "country_code": "CN",
      "lat": 33.648,
      "lon": 116.964,
      "population": 5324476
    },
    {
      "name": "Monterrey",
      "country": "Mexico",
      "country_code": "MX",
      "lat": 25.6844,
      "lon": -100.3181,
      "population": 5324281
    },
    {
      "name": "Yongzhou",
      "country": "China",
      "country_code": "CN",
      "lat": 26.42,
      "lon": 111.613,
      "population": 5289824
    },
    {
      "name": "Changde",
      "country": "China",
      "country_code": "CN",
      "lat": 29.031,
      "lon": 111.699,
      "population": 5279102
    },
    {
      "name": "Xiangyang",
      "country": "China",
      "country_code": "CN",
      "lat": 32.01,
      "lon": 112.122,
      "population": 5260951
    },
    {
      "name": "Atlanta",
      "country": "United States",
      "country_code": "US",
      "lat": 33.7628,
      "lon": -84.422,
      "population": 5211164
    },
    {
      "name": "Pudong",
      "country": "China",
      "country_code": "CN",
      "lat": 31.2347,
      "lon": 121.5064,
      "population": 5187200
    },
    {
      "name": "Washington",
      "country": "United States",
      "country_code": "US",
      "lat": 38.9047,
      "lon": -77.0163,
      "population": 5146120
    },
    {
      "name": "Zhaotong",
      "country": "China",
      "country_code": "CN",
      "lat": 27.338,
      "lon": 103.717,
      "population": 5092611
    },
    {
      "name": "Zhangzhou",
      "country": "China",
      "country_code": "CN",
      "lat": 24.513,
      "lon": 117.647,
      "population": 5054328
    },
    {
      "name": "Yueyang",
      "country": "China",
      "country_code": "CN",
      "lat": 29.3647,
      "lon": 113.1309,
      "population": 5051922
    },
    {
      "name": "Melbourne",
      "country": "Australia",
      "country_code": "AU",
      "lat": -37.8142,
      "lon": 144.9631,
      "population": 5031195
    },
    {
      "name": "Yichun",
      "country": "China",
      "country_code": "CN",
      "lat": 27.816,
      "lon": 114.417,
      "population": 5007702
    },
    {
      "name": "Abidjan",
      "country": "Côte d’Ivoire",
      "country_code": "CI",
      "lat": 5.3364,
      "lon": -4.0267,
      "population": 4980000
    },
    {
      "name": "Guilin",
      "country": "China",
      "country_code": "CN",
      "lat": 25.275,
      "lon": 110.296,
      "population": 4931137
    },
    {
      "name": "Pingdingshan",
      "country": "China",
      "country_code": "CN",
      "lat": 33.7666,
      "lon": 113.1926,
      "population": 4904701
    },
    {
      "name": "Alexandria",
      "country": "Egypt",
      "country_code": "EG",
      "lat": 31.1975,
      "lon": 29.8925,
      "population": 4870000
    },
    {
      "name": "Bozhou",
      "country": "China",
      "country_code": "CN",
      "lat": 33.8463,
      "lon": 115.7786,
      "population": 4850657
    },
    {
      "name": "Sydney",
      "country": "Australia",
      "country_code": "AU",
      "lat": -33.8667,
      "lon": 151.2,
      "population": 4840600
    },
    {
      "name": "Barcelona",
      "country": "Spain",
      "country_code": "ES",
      "lat": 41.3833,
      "lon": 2.1833,
      "population": 4800000
    },
    {
      "name": "Yuncheng",
      "country": "China",
      "country_code": "CN",
      "lat": 35.0267,
      "lon": 111.007,
      "population": 4774508
    },
    {
      "name": "Cape Town",
      "country": "South Africa",
      "country_code": "ZA",
      "lat": -33.9253,
      "lon": 18.4239,
      "population": 4770313
    },
    {
      "name": "Changsha",
      "country": "China",
      "country_code": "CN",
      "lat": 28.228,
      "lon": 112.939,
      "population": 4766296
    },
    {
      "name": "Suqian",
      "country": "China",
      "country_code": "CN",
      "lat": 33.963,
      "lon": 118.275,
      "population": 4719178
    },
    {
      "name": "Jeddah",
      "country": "Saudi Arabia",
      "country_code": "SA",
      "lat": 21.5428,
      "lon": 39.1728,
      "population": 4697000
    },
    {
      "name": "Weinan",
      "country": "China",
      "country_code": "CN",
      "lat": 34.5206,
      "lon": 109.471,
      "population": 4688744
    },
    {
      "name": "Berlin",
      "country": "Germany",
      "country_code": "DE",
      "lat": 52.52,
      "lon": 13.405,
      "population": 4679500
    },
    {
      "name": "Chenzhou",
      "country": "China",
      "country_code": "CN",
      "lat": 25.77,
      "lon": 113.016,
      "population": 4667134
    },
    {
      "name": "Jiangmen",
      "country": "China",
      "country_code": "CN",
      "lat": 22.5789,
      "lon": 113.0815,
      "population": 4630300
    },
    {
      "name": "Mianyang",
      "country": "China",
      "country_code": "CN",
      "lat": 31.468,
      "lon": 104.679,
      "population": 4613862
    },
    {
      "name": "Jiujiang",
      "country": "China",
      "country_code": "CN",
      "lat": 29.661,
      "lon": 115.954,
      "population": 4600276
    },
    {
      "name": "Huaihua",
      "country": "China",
      "country_code": "CN",
      "lat": 27.5698,
      "lon": 110.0016,
      "population": 4587594
    },
    {
      "name": "Huanglongsi",
      "country": "China",
      "country_code": "CN",
      "lat": 34.795,
      "lon": 114.345,
      "population": 4564900
    },
    {
      "name": "Taizhou",
      "country": "China",
      "country_code": "CN",
      "lat": 32.4567,
      "lon": 119.9229,
      "population": 4512762
    },
    {
      "name": "Belāhi",
      "country": "India",
      "country_code": "IN",
      "lat": 26.4,
      "lon": 86.25,
      "population": 4487379
    },
    {
      "name": "Yibin",
      "country": "China",
      "country_code": "CN",
      "lat": 28.752,
      "lon": 104.643,
      "population": 4471896
    },
    {
      "name": "Ji’an",
      "country": "China",
      "country_code": "CN",
      "lat": 27.0912,
      "lon": 114.9668,
      "population": 4469176
    },
    {
      "name": "Yangzhou",
      "country": "China",
      "country_code": "CN",
      "lat": 32.3944,
      "lon": 119.4128,
      "population": 4459760
    },
    {
      "name": "Kunming",
      "country": "China",
      "country_code": "CN",
      "lat": 25.0464,
      "lon": 102.7094,
      "population": 4422686
    },
    {
      "name": "Changchun",
      "country": "China",
      "country_code": "CN",
      "lat": 43.897,
      "lon": 125.326,
      "population": 4408154
    },
    {
      "name": "Lu’an",
      "country": "China",
      "country_code": "CN",
      "lat": 31.736,
      "lon": 116.52,
      "population": 4393699
    },
    {
      "name": "Xinpu",
      "country": "China",
      "country_code": "CN",
      "lat": 34.5966,
      "lon": 119.2214,
      "population": 4393482
    },
    {
      "name": "Langfang",
      "country": "China",
      "country_code": "CN",
      "lat": 39.5383,
      "lon": 116.6835,
      "population": 4358839
    },
    {
      "name": "Boston",
      "country": "United States",
      "country_code": "US",
      "lat": 42.3188,
      "lon": -71.0852,
      "population": 4355184
    },
    {
      "name": "Ürümqi",
      "country": "China",
      "country_code": "CN",
      "lat": 43.8225,
      "lon": 87.6125,
      "population": 4335017
    },
    {
      "name": "Suzhou",
      "country": "China",
      "country_code": "CN",
      "lat": 31.3,
      "lon": 120.6194,
      "population": 4330000
    },
    {
      "name": "Guigang",
      "country": "China",
      "country_code": "CN",
      "lat": 23.112,
      "lon": 109.599,
      "population": 4316262
    },
    {
      "name": "Shantou",
      "country": "China",
      "country_code": "CN",
      "lat": 23.354,
      "lon": 116.682,
      "population": 4312192
    },
    {
      "name": "Jiangguanchi",
      "country": "China",
      "country_code": "CN",
      "lat": 34.037,
      "lon": 113.852,
      "population": 4307488
    },
    {
      "name": "Kabul",
      "country": "Afghanistan",
      "country_code": "AF",
      "lat": 34.5253,
      "lon": 69.1783,
      "population": 4273156
    },
    {
      "name": "Xiaoganzhan",
      "country": "China",
      "country_code": "CN",
      "lat": 30.918,
      "lon": 113.957,
      "population": 4270371
    },
    {
      "name": "Bamako",
      "country": "Mali",
      "country_code": "ML",
      "lat": 12.6458,
      "lon": -7.9922,
      "population": 4227569
    },
    {
      "name": "Kano",
      "country": "Nigeria",
      "country_code": "NG",
      "lat": 12.0,
      "lon": 8.5167,
      "population": 4224966
    },
    {
      "name": "Luzhou",
      "country": "China",
      "country_code": "CN",
      "lat": 28.871,
      "lon": 105.442,
      "population": 4218427
    },
    {
      "name": "Hefei",
      "country": "China",
      "country_code": "CN",
      "lat": 31.8206,
      "lon": 117.2273,
      "population": 4216940
    },
    {
      "name": "Hengshui",
      "country": "China",
      "country_code": "CN",
      "lat": 37.739,
      "lon": 115.669,
      "population": 4212933
    },
    {
      "name": "Fortaleza",
      "country": "Brazil",
      "country_code": "BR",
      "lat": -3.7275,
      "lon": -38.5275,
      "population": 4167996
    },
    {
      "name": "Anqing",
      "country": "China",
      "country_code": "CN",
      "lat": 30.5318,
      "lon": 117.1153,
      "population": 4165284
    },
    {
      "name": "Zhangjiakou",
      "country": "China",
      "country_code": "CN",
      "lat": 40.769,
      "lon": 114.886,
      "population": 4118908
    },
    {
      "name": "Zhaoqing",
      "country": "China",
      "country_code": "CN",
      "lat": 23.05,
      "lon": 112.4667,
      "population": 4113594
    },
    {
      "name": "Shijiazhuang",
      "country": "China",
      "country_code": "CN",
      "lat": 38.0425,
      "lon": 114.51,
      "population": 4098243
    },
    {
      "name": "Ningbo",
      "country": "China",
      "country_code": "CN",
      "lat": 29.8603,
      "lon": 121.6245,
      "population": 4087523
    },
    {
      "name": "Qiqihar",
      "country": "China",
      "country_code": "CN",
      "lat": 47.3549,
      "lon": 123.9182,
      "population": 4067489
    },
    {
      "name": "Phoenix",
      "country": "United States",
      "country_code": "US",
      "lat": 33.5722,
      "lon": -112.0892,
      "population": 4065338
    },
    {
      "name": "Liuzhou",
      "country": "China",
      "country_code": "CN",
      "lat": 24.3278,
      "lon": 109.4278,
      "population": 4041700
    },
    {
      "name": "Chifeng",
      "country": "China",
      "country_code": "CN",
      "lat": 42.255,
      "lon": 118.8825,
      "population": 4035967
    },
    {
      "name": "Xiaoxita",
      "country": "China",
      "country_code": "CN",
      "lat": 30.692,
      "lon": 111.287,
      "population": 4017607
    },
    {
      "name": "Amman",
      "country": "Jordan",
      "country_code": "JO",
      "lat": 31.9497,
      "lon": 35.9328,
      "population": 4007526
    },
    {
      "name": "Linfen",
      "country": "China",
      "country_code": "CN",
      "lat": 36.088,
      "lon": 111.519,
      "population": 3976481
    },
    {
      "name": "Xianyang",
      "country": "China",
      "country_code": "CN",
      "lat": 34.3299,
      "lon": 108.7088,
      "population": 3959842
    },
    {
      "name": "Chuzhou",
      "country": "China",
      "country_code": "CN",
      "lat": 32.256,
      "lon": 118.333,
      "population": 3937868
    },
    {
      "name": "Kumasi",
      "country": "Ghana",
      "country_code": "GH",
      "lat": 6.7,
      "lon": -1.625,
      "population": 3903480
    },
    {
      "name": "Zhuzhou",
      "country": "China",
      "country_code": "CN",
      "lat": 27.829,
      "lon": 113.133,
      "population": 3902738
    },
    {
      "name": "Taiyuan",
      "country": "China",
      "country_code": "CN",
      "lat": 37.8704,
      "lon": 112.5497,
      "population": 3875053
    },
    {
      "name": "Qingyuan",
      "country": "China",
      "country_code": "CN",
      "lat": 23.682,
      "lon": 113.056,
      "population": 3874000
    },
    {
      "name": "Meizhou",
      "country": "China",
      "country_code": "CN",
      "lat": 24.289,
      "lon": 116.122,
      "population": 3873239
    },
    {
      "name": "Yiyang",
      "country": "China",
      "country_code": "CN",
      "lat": 28.5549,
      "lon": 112.356,
      "population": 3851564
    },
    {
      "name": "Nanning",
      "country": "China",
      "country_code": "CN",
      "lat": 22.8167,
      "lon": 108.3275,
      "population": 3837978
    },
    {
      "name": "Harbin",
      "country": "China",
      "country_code": "CN",
      "lat": 45.7576,
      "lon": 126.6409,
      "population": 3830000
    },
    {
      "name": "Loudi",
      "country": "China",
      "country_code": "CN",
      "lat": 27.6998,
      "lon": 111.9944,
      "population": 3826996
    },
    {
      "name": "Abuja",
      "country": "Nigeria",
      "country_code": "NG",
      "lat": 9.0667,
      "lon": 7.4833,
      "population": 3770000
    },
    {
      "name": "Yokohama",
      "country": "Japan",
      "country_code": "JP",
      "lat": 35.4442,
      "lon": 139.6381,
      "population": 3757630
    },
    {
      "name": "Suihua",
      "country": "China",
      "country_code": "CN",
      "lat": 46.654,
      "lon": 126.969,
      "population": 3756167
    },
    {
      "name": "Binzhou",
      "country": "China",
      "country_code": "CN",
      "lat": 37.383,
      "lon": 117.971,
      "population": 3748474
    },
    {
      "name": "Zaozhuang",
      "country": "China",
      "country_code": "CN",
      "lat": 34.8109,
      "lon": 117.3238,
      "population": 3729140
    },
    {
      "name": "Detroit",
      "country": "United States",
      "country_code": "US",
      "lat": 42.3834,
      "lon": -83.1024,
      "population": 3716929
    },
    {
      "name": "Xiamen",
      "country": "China",
      "country_code": "CN",
      "lat": 24.4796,
      "lon": 118.0889,
      "population": 3707090
    },
    {
      "name": "Mashhad",
      "country": "Iran",
      "country_code": "IR",
      "lat": 36.3264,
      "lon": 59.5433,
      "population": 3700000
    },
    {
      "name": "Montréal",
      "country": "Canada",
      "country_code": "CA",
      "lat": 45.5089,
      "lon": -73.5617,
      "population": 3675219
    },
    {
      "name": "Fuzhou",
      "country": "China",
      "country_code": "CN",
      "lat": 26.0743,
      "lon": 119.2964,
      "population": 3671192
    },
    {
      "name": "Wuhu",
      "country": "China",
      "country_code": "CN",
      "lat": 31.3526,
      "lon": 118.4331,
      "population": 3644420
    },
    {
      "name": "Medan",
      "country": "Indonesia",
      "country_code": "ID",
      "lat": 3.5894,
      "lon": 98.6739,
      "population": 3632000
    },
    {
      "name": "Yulinshi",
      "country": "China",
      "country_code": "CN",
      "lat": 38.2858,
      "lon": 109.7341,
      "population": 3624750
    },
    {
      "name": "Fuzhou",
      "country": "China",
      "country_code": "CN",
      "lat": 27.949,
      "lon": 116.358,
      "population": 3614866
    },
    {
      "name": "Wenzhou",
      "country": "China",
      "country_code": "CN",
      "lat": 27.9938,
      "lon": 120.6993,
      "population": 3604446
    },
    {
      "name": "Changzhou",
      "country": "China",
      "country_code": "CN",
      "lat": 31.811,
      "lon": 119.974,
      "population": 3601079
    },
    {
      "name": "Puyang",
      "country": "China",
      "country_code": "CN",
      "lat": 35.7627,
      "lon": 115.0292,
      "population": 3598740
    },
    {
      "name": "Nanchang",
      "country": "China",
      "country_code": "CN",
      "lat": 28.683,
      "lon": 115.858,
      "population": 3576547
    },
    {
      "name": "Baicheng",
      "country": "China",
      "country_code": "CN",
      "lat": 23.903,
      "lon": 106.619,
      "population": 3571505
    },
    {
      "name": "Seattle",
      "country": "United States",
      "country_code": "US",
      "lat": 47.6211,
      "lon": -122.3244,
      "population": 3555253
    },
    {
      "name": "Ibadan",
      "country": "Nigeria",
      "country_code": "NG",
      "lat": 7.3964,
      "lon": 3.9167,
      "population": 3552000
    },
    {
      "name": "Jiaozuo",
      "country": "China",
      "country_code": "CN",
      "lat": 35.2157,
      "lon": 113.2419,
      "population": 3521078
    },
    {
      "name": "Nādampālaiyam",
      "country": "India",
      "country_code": "IN",
      "lat": 11.0125,
      "lon": 76.9714,
      "population": 3458045
    },
    {
      "name": "Deyang",
      "country": "China",
      "country_code": "CN",
      "lat": 31.127,
      "lon": 104.398,
      "population": 3456161
    },
    {
      "name": "Busan",
      "country": "Korea, South",
      "country_code": "KR",
      "lat": 35.18,
      "lon": 129.075,
      "population": 3453198
    },
    {
      "name": "Hechi",
      "country": "China",
      "country_code": "CN",
      "lat": 24.693,
      "lon": 108.085,
      "population": 3417945
    },
    {
      "name": "Tangshan",
      "country": "China",
      "country_code": "CN",
      "lat": 39.6294,
      "lon": 118.1739,
      "population": 3399231
    },
    {
      "name": "Lucknow",
      "country": "India",
      "country_code": "IN",
      "lat": 26.85,
      "lon": 80.95,
      "population": 3382000
    },
    {
      "name": "San Francisco",
      "country": "United States",
      "country_code": "US",
      "lat": 37.7558,
      "lon": -122.4449,
      "population": 3364862
    },
    {
      "name": "Boankra",
      "country": "Ghana",
      "country_code": "GH",
      "lat": 6.6919,
      "lon": -1.4051,
      "population": 3348000
    },
    {
      "name": "Dubai",
      "country": "United Arab Emirates",
      "country_code": "AE",
      "lat": 25.2631,
      "lon": 55.2972,
      "population": 3331420
    },
    {
      "name": "Anshan",
      "country": "China",
      "country_code": "CN",
      "lat": 41.108,
      "lon": 122.994,
      "population": 3325372
    },
    {
      "name": "Guozhen",
      "country": "China",
      "country_code": "CN",
      "lat": 34.3609,
      "lon": 107.1751,
      "population": 3321853
    },
    {
      "name": "Baojishi",
      "country": "China",
      "country_code": "CN",
      "lat": 34.363,
      "lon": 107.238,
      "population": 3321853
    },
    {
      "name": "Qinzhou",
      "country": "China",
      "country_code": "CN",
      "lat": 21.981,
      "lon": 108.654,
      "population": 3302238
    },
    {
      "name": "Guiyang",
      "country": "China",
      "country_code": "CN",
      "lat": 26.647,
      "lon": 106.63,
      "population": 3299724
    },
    {
      "name": "Wuxi",
      "country": "China",
      "country_code": "CN",
      "lat": 31.5667,
      "lon": 120.2833,
      "population": 3245179
    },
    {
      "name": "Kannankulam",
      "country": "India",
      "country_code": "IN",
      "lat": 10.52,
      "lon": 76.21,
      "population": 3243170
    },
    {
      "name": "Caracas",
      "country": "Venezuela",
      "country_code": "VE",
      "lat": 10.4806,
      "lon": -66.9036,
      "population": 3242000
    },
    {
      "name": "Kotla Qasim Khan",
      "country": "Pakistan",
      "country_code": "PK",
      "lat": 32.5833,
      "lon": 73.75,
      "population": 3219375
    },
    {
      "name": "Casablanca",
      "country": "Morocco",
      "country_code": "MA",
      "lat": 33.5333,
      "lon": -7.5833,
      "population": 3215935
    },
    {
      "name": "Hanzhong",
      "country": "China",
      "country_code": "CN",
      "lat": 33.0664,
      "lon": 107.0232,
      "population": 3211462
    },
    {
      "name": "Shiyan",
      "country": "China",
      "country_code": "CN",
      "lat": 32.629,
      "lon": 110.7987,
      "population": 3209004
    },
    {
      "name": "Guang’an",
      "country": "China",
      "country_code": "CN",
      "lat": 30.4564,
      "lon": 106.6326,
      "population": 3205476
    },
    {
      "name": "Faisalabad",
      "country": "Pakistan",
      "country_code": "PK",
      "lat": 31.4167,
      "lon": 73.0911,
      "population": 3203846
    },
    {
      "name": "Changzhi",
      "country": "China",
      "country_code": "CN",
      "lat": 36.195,
      "lon": 113.117,
      "population": 3180884
    },
    {
      "name": "Tongren",
      "country": "China",
      "country_code": "CN",
      "lat": 27.7316,
      "lon": 109.1895,
      "population": 3168800
    },
    {
      "name": "Bengbu",
      "country": "China",
      "country_code": "CN",
      "lat": 32.917,
      "lon": 117.389,
      "population": 3164467
    },
    {
      "name": "Leshan",
      "country": "China",
      "country_code": "CN",
      "lat": 29.552,
      "lon": 103.766,
      "population": 3160168
    },
    {
      "name": "Santa Cruz de la Sierra",
      "country": "Bolivia",
      "country_code": "BO",
      "lat": -17.7892,
      "lon": -63.1975,
      "population": 3151676
    },
    {
      "name": "Neijiang",
      "country": "China",
      "country_code": "CN",
      "lat": 29.5802,
      "lon": 105.058,
      "population": 3140678
    },
    {
      "name": "Zhenjiang",
      "country": "China",
      "country_code": "CN",
      "lat": 32.188,
      "lon": 119.424,
      "population": 3113384
    },
    {
      "name": "Qinhuangdao",
      "country": "China",
      "country_code": "CN",
      "lat": 39.8882,
      "lon": 119.5202,
      "population": 3107400
    },
    {
      "name": "Bursa",
      "country": "Turkey",
      "country_code": "TR",
      "lat": 40.1833,
      "lon": 29.05,
      "population": 3101833
    },
    {
      "name": "Tashkent",
      "country": "Uzbekistan",
      "country_code": "UZ",
      "lat": 41.3111,
      "lon": 69.2797,
      "population": 3095498
    },
    {
      "name": "Guayaquil",
      "country": "Ecuador",
      "country_code": "EC",
      "lat": -2.19,
      "lon": -79.8875,
      "population": 3094420
    },
    {
      "name": "Jaipur",
      "country": "India",
      "country_code": "IN",
      "lat": 26.9,
      "lon": 75.8,
      "population": 3073350
    },
    {
      "name": "Lanzhou",
      "country": "China",
      "country_code": "CN",
      "lat": 36.0606,
      "lon": 103.8268,
      "population": 3067141
    },
    {
      "name": "Ouagadougou",
      "country": "Burkina Faso",
      "country_code": "BF",
      "lat": 12.3686,
      "lon": -1.5275,
      "population": 3063271
    },
    {
      "name": "Athens",
      "country": "Greece",
      "country_code": "GR",
      "lat": 37.9842,
      "lon": 23.7281,
      "population": 3059764
    },
    {
      "name": "San Diego",
      "country": "United States",
      "country_code": "US",
      "lat": 32.8313,
      "lon": -117.1222,
      "population": 3057778
    },
    {
      "name": "Guatemala City",
      "country": "Guatemala",
      "country_code": "GT",
      "lat": 14.6417,
      "lon": -90.5133,
      "population": 3014000
    },
    {
      "name": "Kuwait City",
      "country": "Kuwait",
      "country_code": "KW",
      "lat": 29.3697,
      "lon": 47.9783,
      "population": 2989000
    },
    {
      "name": "Qincheng",
      "country": "China",
      "country_code": "CN",
      "lat": 34.5815,
      "lon": 105.7248,
      "population": 2984659
    },
    {
      "name": "İzmir",
      "country": "Turkey",
      "country_code": "TR",
      "lat": 38.42,
      "lon": 27.14,
      "population": 2965900
    },
    {
      "name": "Quezon City",
      "country": "Philippines",
      "country_code": "PH",
      "lat": 14.65,
      "lon": 121.0475,
      "population": 2960048
    },
    {
      "name": "Kyiv",
      "country": "Ukraine",
      "country_code": "UA",
      "lat": 50.45,
      "lon": 30.5233,
      "population": 2952301
    },
    {
      "name": "Kottārasshēri",
      "country": "India",
      "country_code": "IN",
      "lat": 10.775,
      "lon": 76.651,
      "population": 2952254
    },
    {
      "name": "Meishan",
      "country": "China",
      "country_code": "CN",
      "lat": 30.0771,
      "lon": 103.8484,
      "population": 2950545
    },
    {
      "name": "Incheon",
      "country": "Korea, South",
      "country_code": "KR",
      "lat": 37.4833,
      "lon": 126.6333,
      "population": 2936117
    },
    {
      "name": "Ningde",
      "country": "China",
      "country_code": "CN",
      "lat": 26.6662,
      "lon": 119.5477,
      "population": 2910000
    },
    {
      "name": "Zhongshan",
      "country": "China",
      "country_code": "CN",
      "lat": 22.517,
      "lon": 113.3925,
      "population": 2909633
    },
    {
      "name": "Minneapolis",
      "country": "United States",
      "country_code": "US",
      "lat": 44.9635,
      "lon": -93.2678,
      "population": 2906807
    },
    {
      "name": "Tampa",
      "country": "United States",
      "country_code": "US",
      "lat": 27.9945,
      "lon": -82.4447,
      "population": 2906035
    },
    {
      "name": "Putian",
      "country": "China",
      "country_code": "CN",
      "lat": 25.4526,
      "lon": 119.0078,
      "population": 2900000
    },
    {
      "name": "Mbuji-Mayi",
      "country": "Congo (Kinshasa)",
      "country_code": "CD",
      "lat": -6.15,
      "lon": 23.6,
      "population": 2892000
    },
    {
      "name": "Tongliao",
      "country": "China",
      "country_code": "CN",
      "lat": 43.654,
      "lon": 122.243,
      "population": 2873168
    },
    {
      "name": "Chaoyang",
      "country": "China",
      "country_code": "CN",
      "lat": 41.571,
      "lon": 120.453,
      "population": 2872857
    },
    {
      "name": "Hohhot",
      "country": "China",
      "country_code": "CN",
      "lat": 40.842,
      "lon": 111.749,
      "population": 2866615
    },
    {
      "name": "Pyongyang",
      "country": "Korea, North",
      "country_code": "KP",
      "lat": 39.0167,
      "lon": 125.7475,
      "population": 2863000
    },
    {
      "name": "Shaoguan",
      "country": "China",
      "country_code": "CN",
      "lat": 24.811,
      "lon": 113.597,
      "population": 2855131
    },
    {
      "name": "Taichung",
      "country": "Taiwan",
      "country_code": "TW",
      "lat": 24.1439,
      "lon": 120.6794,
      "population": 2850285
    },
    {
      "name": "Cali",
      "country": "Colombia",
      "country_code": "CO",
      "lat": 3.4206,
      "lon": -76.5222,
      "population": 2838333
    },
    {
      "name": "Heyuan",
      "country": "China",
      "country_code": "CN",
      "lat": 23.7443,
      "lon": 114.7002,
      "population": 2837686
    },
    {
      "name": "Wuzhou",
      "country": "China",
      "country_code": "CN",
      "lat": 23.4767,
      "lon": 111.279,
      "population": 2820977
    },
    {
      "name": "Pretoria",
      "country": "South Africa",
      "country_code": "ZA",
      "lat": -25.7461,
      "lon": 28.1881,
      "population": 2818100
    },
    {
      "name": "Suining",
      "country": "China",
      "country_code": "CN",
      "lat": 30.533,
      "lon": 105.593,
      "population": 2814196
    },
    {
      "name": "Omdurman",
      "country": "Sudan",
      "country_code": "SD",
      "lat": 15.6835,
      "lon": 32.4629,
      "population": 2805396
    },
    {
      "name": "Weihai",
      "country": "China",
      "country_code": "CN",
      "lat": 37.5133,
      "lon": 122.1205,
      "population": 2804771
    },
    {
      "name": "Rizhao",
      "country": "China",
      "country_code": "CN",
      "lat": 35.417,
      "lon": 119.527,
      "population": 2801013
    },
    {
      "name": "Malang",
      "country": "Indonesia",
      "country_code": "ID",
      "lat": -7.98,
      "lon": 112.62,
      "population": 2795209
    },
    {
      "name": "Stuttgart",
      "country": "Germany",
      "country_code": "DE",
      "lat": 48.7775,
      "lon": 9.18,
      "population": 2787724
    },
    {
      "name": "Daqing",
      "country": "China",
      "country_code": "CN",
      "lat": 46.589,
      "lon": 125.104,
      "population": 2781562
    },
    {
      "name": "Rome",
      "country": "Italy",
      "country_code": "IT",
      "lat": 41.8931,
      "lon": 12.4828,
      "population": 2748109
    },
    {
      "name": "Kaohsiung",
      "country": "Taiwan",
      "country_code": "TW",
      "lat": 22.615,
      "lon": 120.2975,
      "population": 2737660
    },
    {
      "name": "Brooklyn",
      "country": "United States",
      "country_code": "US",
      "lat": 40.6501,
      "lon": -73.9496,
      "population": 2736074
    },
    {
      "name": "Xiangtan",
      "country": "China",
      "country_code": "CN",
      "lat": 27.8313,
      "lon": 112.9454,
      "population": 2726181
    },
    {
      "name": "Bazhou",
      "country": "China",
      "country_code": "CN",
      "lat": 31.868,
      "lon": 106.748,
      "population": 2712894
    },
    {
      "name": "Handan",
      "country": "China",
      "country_code": "CN",
      "lat": 36.601,
      "lon": 114.487,
      "population": 2708015
    },
    {
      "name": "Brisbane",
      "country": "Australia",
      "country_code": "AU",
      "lat": -27.4678,
      "lon": 153.0281,
      "population": 2706966
    },
    {
      "name": "Jinzhou",
      "country": "China",
      "country_code": "CN",
      "lat": 41.129,
      "lon": 121.148,
      "population": 2703853
    },
    {
      "name": "Denver",
      "country": "United States",
      "country_code": "US",
      "lat": 39.762,
      "lon": -104.8758,
      "population": 2691349
    },
    {
      "name": "Xinzhou",
      "country": "China",
      "country_code": "CN",
      "lat": 38.416,
      "lon": 112.734,
      "population": 2689668
    },
    {
      "name": "Nanping",
      "country": "China",
      "country_code": "CN",
      "lat": 26.6418,
      "lon": 118.1774,
      "population": 2680645
    },
    {
      "name": "Gāzipura",
      "country": "Bangladesh",
      "country_code": "BD",
      "lat": 23.9234,
      "lon": 90.3959,
      "population": 2674697
    },
    {
      "name": "Shanwei",
      "country": "China",
      "country_code": "CN",
      "lat": 22.7872,
      "lon": 115.3756,
      "population": 2672819
    },
    {
      "name": "Maracaibo",
      "country": "Venezuela",
      "country_code": "VE",
      "lat": 10.6333,
      "lon": -71.6333,
      "population": 2658355
    },
    {
      "name": "Chaozhou",
      "country": "China",
      "country_code": "CN",
      "lat": 23.658,
      "lon": 116.622,
      "population": 2656600
    },
    {
      "name": "Baotou",
      "country": "China",
      "country_code": "CN",
      "lat": 40.6213,
      "lon": 109.9532,
      "population": 2650364
    },
    {
      "name": "Longyan",
      "country": "China",
      "country_code": "CN",
      "lat": 25.076,
      "lon": 117.017,
      "population": 2640000
    },
    {
      "name": "Weifang",
      "country": "China",
      "country_code": "CN",
      "lat": 36.708,
      "lon": 119.162,
      "population": 2636154
    },
    {
      "name": "Huai’an",
      "country": "China",
      "country_code": "CN",
      "lat": 33.551,
      "lon": 119.113,
      "population": 2632788
    },
    {
      "name": "Zibo",
      "country": "China",
      "country_code": "CN",
      "lat": 36.8138,
      "lon": 118.055,
      "population": 2631647
    },
    {
      "name": "Attadappa",
      "country": "India",
      "country_code": "IN",
      "lat": 11.8689,
      "lon": 75.3555,
      "population": 2615266
    },
    {
      "name": "Munich",
      "country": "Germany",
      "country_code": "DE",
      "lat": 48.1375,
      "lon": 11.575,
      "population": 2606021
    },
    {
      "name": "Gulou",
      "country": "China",
      "country_code": "CN",
      "lat": 26.0865,
      "lon": 119.298,
      "population": 2606000
    },
    {
      "name": "Birmingham",
      "country": "United Kingdom",
      "country_code": "GB",
      "lat": 52.48,
      "lon": -1.9025,
      "population": 2590363
    },
    {
      "name": "Valencia",
      "country": "Venezuela",
      "country_code": "VE",
      "lat": 10.1833,
      "lon": -68.0,
      "population": 2585202
    },
    {
      "name": "Damascus",
      "country": "Syria",
      "country_code": "SY",
      "lat": 33.502,
      "lon": 36.2981,
      "population": 2584771
    },
    {
      "name": "Chattogram",
      "country": "Bangladesh",
      "country_code": "BD",
      "lat": 22.335,
      "lon": 91.8325,
      "population": 2581643
    },
    {
      "name": "Brazzaville",
      "country": "Congo (Brazzaville)",
      "country_code": "CG",
      "lat": -4.2667,
      "lon": 15.2667,
      "population": 2557100
    },
    {
      "name": "Yangjiang",
      "country": "China",
      "country_code": "CN",
      "lat": 21.857,
      "lon": 111.983,
      "population": 2555600
    },
    {
      "name": "Sanaa",
      "country": "Yemen",
      "country_code": "YE",
      "lat": 15.3483,
      "lon": 44.2064,
      "population": 2545000
    },
    {
      "name": "Barmhān Kalān",
      "country": "India",
      "country_code": "IN",
      "lat": 19.1972,
      "lon": 72.9722,
      "population": 2537000
    },
    {
      "name": "Medellín",
      "country": "Colombia",
      "country_code": "CO",
      "lat": 6.2308,
      "lon": -75.5906,
      "population": 2529403
    },
    {
      "name": "Dingxi",
      "country": "China",
      "country_code": "CN",
      "lat": 35.608,
      "lon": 104.592,
      "population": 2524097
    },
    {
      "name": "Shaoxing",
      "country": "China",
      "country_code": "CN",
      "lat": 30.0511,
      "lon": 120.5833,
      "population": 2521964
    },
    {
      "name": "Yantai",
      "country": "China",
      "country_code": "CN",
      "lat": 37.4646,
      "lon": 121.4478,
      "population": 2511053
    },
    {
      "name": "Huizhou",
      "country": "China",
      "country_code": "CN",
      "lat": 23.112,
      "lon": 114.416,
      "population": 2509243
    },
    {
      "name": "Xuanzhou",
      "country": "China",
      "country_code": "CN",
      "lat": 30.939,
      "lon": 118.759,
      "population": 2500063
    },
    {
      "name": "Mirzāpur",
      "country": "India",
      "country_code": "IN",
      "lat": 25.146,
      "lon": 82.569,
      "population": 2496970
    },
    {
      "name": "Hamburg",
      "country": "Germany",
      "country_code": "DE",
      "lat": 53.55,
      "lon": 10.0,
      "population": 2496600
    },
    {
      "name": "Taipei",
      "country": "Taiwan",
      "country_code": "TW",
      "lat": 25.0375,
      "lon": 121.5625,
      "population": 2494813
    },
    {
      "name": "Ankang",
      "country": "China",
      "country_code": "CN",
      "lat": 32.6854,
      "lon": 109.029,
      "population": 2493436
    },
    {
      "name": "Zigong",
      "country": "China",
      "country_code": "CN",
      "lat": 29.339,
      "lon": 104.779,
      "population": 2489256
    },
    {
      "name": "Sanming",
      "country": "China",
      "country_code": "CN",
      "lat": 26.2634,
      "lon": 117.6389,
      "population": 2486450
    },
    {
      "name": "Toluca",
      "country": "Mexico",
      "country_code": "MX",
      "lat": 19.2925,
      "lon": -99.6569,
      "population": 2476689
    },
    {
      "name": "Huangshi",
      "country": "China",
      "country_code": "CN",
      "lat": 30.2011,
      "lon": 115.039,
      "population": 2469079
    },
    {
      "name": "Yaoundé",
      "country": "Cameroon",
      "country_code": "CM",
      "lat": 3.8667,
      "lon": 11.5167,
      "population": 2440462
    },
    {
      "name": "Zhuhai",
      "country": "China",
      "country_code": "CN",
      "lat": 22.2742,
      "lon": 113.5719,
      "population": 2439585
    },
    {
      "name": "Huludao",
      "country": "China",
      "country_code": "CN",
      "lat": 40.711,
      "lon": 120.837,
      "population": 2434194
    },
    {
      "name": "Baoshan",
      "country": "China",
      "country_code": "CN",
      "lat": 25.112,
      "lon": 99.161,
      "population": 2431211
    },
    {
      "name": "Mecca",
      "country": "Saudi Arabia",
      "country_code": "SA",
      "lat": 21.4225,
      "lon": 39.8261,
      "population": 2427924
    },
    {
      "name": "Vancouver",
      "country": "Canada",
      "country_code": "CA",
      "lat": 49.25,
      "lon": -123.1,
      "population": 2426160
    },
    {
      "name": "Lianshan",
      "country": "China",
      "country_code": "CN",
      "lat": 40.7523,
      "lon": 120.828,
      "population": 2426000
    },
    {
      "name": "Beirut",
      "country": "Lebanon",
      "country_code": "LB",
      "lat": 33.8981,
      "lon": 35.5058,
      "population": 2421354
    },
    {
      "name": "Salvador",
      "country": "Brazil",
      "country_code": "BR",
      "lat": -12.9831,
      "lon": -38.4928,
      "population": 2417678
    },
    {
      "name": "Bucharest",
      "country": "Romania",
      "country_code": "RO",
      "lat": 44.4325,
      "lon": 26.1039,
      "population": 2412530
    },
    {
      "name": "Longba",
      "country": "China",
      "country_code": "CN",
      "lat": 33.3702,
      "lon": 104.9603,
      "population": 2407272
    },
    {
      "name": "Nāgpur",
      "country": "India",
      "country_code": "IN",
      "lat": 21.1497,
      "lon": 79.0806,
      "population": 2405665
    },
    {
      "name": "Queens",
      "country": "United States",
      "country_code": "US",
      "lat": 40.7498,
      "lon": -73.7976,
      "population": 2405464
    },
    {
      "name": "Tieling",
      "country": "China",
      "country_code": "CN",
      "lat": 42.2237,
      "lon": 123.726,
      "population": 2388294
    },
    {
      "name": "Yunfu",
      "country": "China",
      "country_code": "CN",
      "lat": 22.9152,
      "lon": 112.0445,
      "population": 2383350
    },
    {
      "name": "Bekasi",
      "country": "Indonesia",
      "country_code": "ID",
      "lat": -6.2333,
      "lon": 107.0,
      "population": 2381053
    },
    {
      "name": "Daegu",
      "country": "Korea, South",
      "country_code": "KR",
      "lat": 35.8717,
      "lon": 128.6017,
      "population": 2376044
    },
    {
      "name": "Ghāziābād",
      "country": "India",
      "country_code": "IN",
      "lat": 28.67,
      "lon": 77.42,
      "population": 2375820
    },
    {
      "name": "Luoyang",
      "country": "China",
      "country_code": "CN",
      "lat": 34.6197,
      "lon": 112.4539,
      "population": 2372571
    },
    {
      "name": "Luohe",
      "country": "China",
      "country_code": "CN",
      "lat": 33.5804,
      "lon": 114.0166,
      "population": 2367490
    },
    {
      "name": "Algiers",
      "country": "Algeria",
      "country_code": "DZ",
      "lat": 36.7325,
      "lon": 3.0872,
      "population": 2364230
    },
    {
      "name": "Anshun",
      "country": "China",
      "country_code": "CN",
      "lat": 26.2531,
      "lon": 105.9476,
      "population": 2353100
    },
    {
      "name": "Huainan",
      "country": "China",
      "country_code": "CN",
      "lat": 32.6314,
      "lon": 117.0194,
      "population": 2333896
    },
    {
      "name": "Depok",
      "country": "Indonesia",
      "country_code": "ID",
      "lat": -6.394,
      "lon": 106.8225,
      "population": 2330333
    },
    {
      "name": "Konya",
      "country": "Turkey",
      "country_code": "TR",
      "lat": 37.8667,
      "lon": 32.4833,
      "population": 2320241
    },
    {
      "name": "Haiphong",
      "country": "Vietnam",
      "country_code": "VN",
      "lat": 20.8651,
      "lon": 106.6838,
      "population": 2310280
    },
    {
      "name": "Yanjiang",
      "country": "China",
      "country_code": "CN",
      "lat": 30.129,
      "lon": 104.627,
      "population": 2308631
    },
    {
      "name": "Guangyuan",
      "country": "China",
      "country_code": "CN",
      "lat": 32.436,
      "lon": 105.844,
      "population": 2305657
    },
    {
      "name": "Baku",
      "country": "Azerbaijan",
      "country_code": "AZ",
      "lat": 40.3667,
      "lon": 49.8352,
      "population": 2300500
    },
    {
      "name": "Yingkou",
      "country": "China",
      "country_code": "CN",
      "lat": 40.625,
      "lon": 122.219,
      "population": 2296540
    },
    {
      "name": "Mudanjiang",
      "country": "China",
      "country_code": "CN",
      "lat": 44.5514,
      "lon": 129.6329,
      "population": 2290208
    },
    {
      "name": "Riverside",
      "country": "United States",
      "country_code": "US",
      "lat": 33.9381,
      "lon": -117.3949,
      "population": 2288508
    },
    {
      "name": "Fukuoka",
      "country": "Japan",
      "country_code": "JP",
      "lat": 33.59,
      "lon": 130.4017,
      "population": 2286000
    },
    {
      "name": "Nantong",
      "country": "China",
      "country_code": "CN",
      "lat": 31.981,
      "lon": 120.894,
      "population": 2261382
    },
    {
      "name": "Lincang",
      "country": "China",
      "country_code": "CN",
      "lat": 23.884,
      "lon": 100.089,
      "population": 2257991
    },
    {
      "name": "Las Vegas",
      "country": "United States",
      "country_code": "US",
      "lat": 36.2333,
      "lon": -115.2654,
      "population": 2256509
    },
    {
      "name": "Haikou",
      "country": "China",
      "country_code": "CN",
      "lat": 20.0186,
      "lon": 110.3488,
      "population": 2250000
    },
    {
      "name": "Yuxi",
      "country": "China",
      "country_code": "CN",
      "lat": 24.347,
      "lon": 102.527,
      "population": 2249502
    },
    {
      "name": "Tangerang",
      "country": "Indonesia",
      "country_code": "ID",
      "lat": -6.1703,
      "lon": 106.6403,
      "population": 2237006
    },
    {
      "name": "Supaul",
      "country": "India",
      "country_code": "IN",
      "lat": 26.126,
      "lon": 86.605,
      "population": 2229076
    },
    {
      "name": "Almaty",
      "country": "Kazakhstan",
      "country_code": "KZ",
      "lat": 43.24,
      "lon": 76.915,
      "population": 2228675
    },
    {
      "name": "Vienna",
      "country": "Austria",
      "country_code": "AT",
      "lat": 48.2083,
      "lon": 16.3725,
      "population": 2223236
    },
    {
      "name": "Eşfahān",
      "country": "Iran",
      "country_code": "IR",
      "lat": 32.6653,
      "lon": 51.6703,
      "population": 2219343
    },
    {
      "name": "Xining",
      "country": "China",
      "country_code": "CN",
      "lat": 36.6224,
      "lon": 101.7804,
      "population": 2208708
    },
    {
      "name": "Jincheng",
      "country": "China",
      "country_code": "CN",
      "lat": 35.491,
      "lon": 112.852,
      "population": 2194545
    },
    {
      "name": "Baltimore",
      "country": "United States",
      "country_code": "US",
      "lat": 39.3051,
      "lon": -76.6144,
      "population": 2189589
    },
    {
      "name": "Dandong",
      "country": "China",
      "country_code": "CN",
      "lat": 40.1167,
      "lon": 124.3833,
      "population": 2188436
    },
    {
      "name": "Yan’an",
      "country": "China",
      "country_code": "CN",
      "lat": 36.65,
      "lon": 109.494,
      "population": 2187009
    },
    {
      "name": "Qinbaling",
      "country": "China",
      "country_code": "CN",
      "lat": 35.7091,
      "lon": 107.6436,
      "population": 2179716
    },
    {
      "name": "Gaoping",
      "country": "China",
      "country_code": "CN",
      "lat": 30.7824,
      "lon": 106.1281,
      "population": 2174000
    },
    {
      "name": "Awka",
      "country": "Nigeria",
      "country_code": "NG",
      "lat": 6.2069,
      "lon": 7.0678,
      "population": 2171900
    },
    {
      "name": "Taizhou",
      "country": "China",
      "country_code": "CN",
      "lat": 28.6557,
      "lon": 121.4208,
      "population": 2162461
    },
    {
      "name": "Ma’anshan",
      "country": "China",
      "country_code": "CN",
      "lat": 31.669,
      "lon": 118.507,
      "population": 2159930
    },
    {
      "name": "Jiamusi",
      "country": "China",
      "country_code": "CN",
      "lat": 46.8,
      "lon": 130.319,
      "population": 2156505
    },
    {
      "name": "Perth",
      "country": "Australia",
      "country_code": "AU",
      "lat": -31.9558,
      "lon": 115.8597,
      "population": 2141834
    },
    {
      "name": "Gaziantep",
      "country": "Turkey",
      "country_code": "TR",
      "lat": 37.0628,
      "lon": 37.3792,
      "population": 2130432
    },
    {
      "name": "Phnom Penh",
      "country": "Cambodia",
      "country_code": "KH",
      "lat": 11.5696,
      "lon": 104.921,
      "population": 2129371
    },
    {
      "name": "St. Louis",
      "country": "United States",
      "country_code": "US",
      "lat": 38.6359,
      "lon": -90.2451,
      "population": 2127843
    },
    {
      "name": "Mogadishu",
      "country": "Somalia",
      "country_code": "SO",
      "lat": 2.0392,
      "lon": 45.3419,
      "population": 2120000
    },
    {
      "name": "Lishui",
      "country": "China",
      "country_code": "CN",
      "lat": 28.468,
      "lon": 119.923,
      "population": 2116957
    },
    {
      "name": "Kowloon",
      "country": "Hong Kong",
      "country_code": "HK",
      "lat": 22.3167,
      "lon": 114.1833,
      "population": 2108419
    },
    {
      "name": "Córdoba",
      "country": "Argentina",
      "country_code": "AR",
      "lat": -31.4167,
      "lon": -64.1833,
      "population": 2106734
    },
    {
      "name": "Zamboanga City",
      "country": "Philippines",
      "country_code": "PH",
      "lat": 6.9042,
      "lon": 122.0761,
      "population": 2100000
    },
    {
      "name": "Rawalpindi",
      "country": "Pakistan",
      "country_code": "PK",
      "lat": 33.6,
      "lon": 73.0333,
      "population": 2098231
    },
    {
      "name": "Havana",
      "country": "Cuba",
      "country_code": "CU",
      "lat": 23.1367,
      "lon": -82.3589,
      "population": 2089532
    },
    {
      "name": "Chongzuo",
      "country": "China",
      "country_code": "CN",
      "lat": 22.377,
      "lon": 107.365,
      "population": 2088692
    },
    {
      "name": "Portland",
      "country": "United States",
      "country_code": "US",
      "lat": 45.5371,
      "lon": -122.65,
      "population": 2084045
    },
    {
      "name": "Laibin",
      "country": "China",
      "country_code": "CN",
      "lat": 23.7501,
      "lon": 109.2212,
      "population": 2074611
    },
    {
      "name": "San Antonio",
      "country": "United States",
      "country_code": "US",
      "lat": 29.4632,
      "lon": -98.5238,
      "population": 2069843
    },
    {
      "name": "Vadodara",
      "country": "India",
      "country_code": "IN",
      "lat": 22.3,
      "lon": 73.2,
      "population": 2065771
    },
    {
      "name": "Qingyang",
      "country": "China",
      "country_code": "CN",
      "lat": 24.7816,
      "lon": 118.5517,
      "population": 2061600
    },
    {
      "name": "Rājkot",
      "country": "India",
      "country_code": "IN",
      "lat": 22.3,
      "lon": 70.7833,
      "population": 2043000
    },
    {
      "name": "Shangzhou",
      "country": "China",
      "country_code": "CN",
      "lat": 33.8734,
      "lon": 109.9186,
      "population": 2041231
    },
    {
      "name": "Vishākhapatnam",
      "country": "India",
      "country_code": "IN",
      "lat": 17.7042,
      "lon": 83.2978,
      "population": 2035922
    },
    {
      "name": "Shengli",
      "country": "China",
      "country_code": "CN",
      "lat": 37.434,
      "lon": 118.6746,
      "population": 2035338
    },
    {
      "name": "Sanmenxia",
      "country": "China",
      "country_code": "CN",
      "lat": 34.7732,
      "lon": 111.2004,
      "population": 2034872
    },
    {
      "name": "Warsaw",
      "country": "Poland",
      "country_code": "PL",
      "lat": 52.23,
      "lon": 21.0111,
      "population": 2028000
    },
    {
      "name": "Gujranwala",
      "country": "Pakistan",
      "country_code": "PK",
      "lat": 32.1567,
      "lon": 74.19,
      "population": 2027001
    },
    {
      "name": "Hezhou",
      "country": "China",
      "country_code": "CN",
      "lat": 24.4042,
      "lon": 111.5672,
      "population": 2007858
    },
    {
      "name": "Aleppo",
      "country": "Syria",
      "country_code": "SY",
      "lat": 36.2319,
      "lon": 37.1681,
      "population": 2003671
    },
    {
      "name": "Tijuana",
      "country": "Mexico",
      "country_code": "MX",
      "lat": 32.525,
      "lon": -117.0333,
      "population": 2002000
    },
    {
      "name": "Puning",
      "country": "China",
      "country_code": "CN",
      "lat": 23.298,
      "lon": 116.166,
      "population": 1998619
    },
    {
      "name": "Indore",
      "country": "India",
      "country_code": "IN",
      "lat": 22.7167,
      "lon": 75.8472,
      "population": 1994397
    },
    {
      "name": "Minsk",
      "country": "Belarus",
      "country_code": "BY",
      "lat": 53.9006,
      "lon": 27.5586,
      "population": 1992862
    },
    {
      "name": "Karaj",
      "country": "Iran",
      "country_code": "IR",
      "lat": 35.8292,
      "lon": 50.9675,
      "population": 1973470
    },
    {
      "name": "Kananga",
      "country": "Congo (Kinshasa)",
      "country_code": "CD",
      "lat": -5.897,
      "lon": 22.4488,
      "population": 1971704
    },
    {
      "name": "Huaibei",
      "country": "China",
      "country_code": "CN",
      "lat": 33.956,
      "lon": 116.798,
      "population": 1970265
    },
    {
      "name": "Peshawar",
      "country": "Pakistan",
      "country_code": "PK",
      "lat": 34.0144,
      "lon": 71.5675,
      "population": 1970042
    },
    {
      "name": "Sacramento",
      "country": "United States",
      "country_code": "US",
      "lat": 38.5677,
      "lon": -121.4685,
      "population": 1962998
    },
    {
      "name": "Sapporo",
      "country": "Japan",
      "country_code": "JP",
      "lat": 43.0619,
      "lon": 141.3544,
      "population": 1959313
    },
    {
      "name": "Tilburg",
      "country": "Netherlands",
      "country_code": "NL",
      "lat": 51.5572,
      "lon": 5.0911,
      "population": 1944588
    },
    {
      "name": "Austin",
      "country": "United States",
      "country_code": "US",
      "lat": 30.3005,
      "lon": -97.7522,
      "population": 1915031
    },
    {
      "name": "Orlando",
      "country": "United States",
      "country_code": "US",
      "lat": 28.4773,
      "lon": -81.337,
      "population": 1913597
    },
    {
      "name": "Davao",
      "country": "Philippines",
      "country_code": "PH",
      "lat": 7.07,
      "lon": 125.6,
      "population": 1910167
    },
    {
      "name": "Songjiang",
      "country": "China",
      "country_code": "CN",
      "lat": 31.0058,
      "lon": 121.2333,
      "population": 1909713
    },
    {
      "name": "Yinchuan",
      "country": "China",
      "country_code": "CN",
      "lat": 38.485,
      "lon": 106.225,
      "population": 1901793
    },
    {
      "name": "Abhepur",
      "country": "India",
      "country_code": "IN",
      "lat": 39.41,
      "lon": 116.38,
      "population": 1895686
    },
    {
      "name": "Thāne",
      "country": "India",
      "country_code": "IN",
      "lat": 19.1972,
      "lon": 72.9722,
      "population": 1886941
    },
    {
      "name": "Multan",
      "country": "Pakistan",
      "country_code": "PK",
      "lat": 30.1978,
      "lon": 71.4697,
      "population": 1871843
    },
    {
      "name": "Port Harcourt",
      "country": "Nigeria",
      "country_code": "NG",
      "lat": 4.8242,
      "lon": 7.0336,
      "population": 1865000
    },
    {
      "name": "Fushun",
      "country": "China",
      "country_code": "CN",
      "lat": 41.881,
      "lon": 123.957,
      "population": 1861372
    },
    {
      "name": "Tainan",
      "country": "Taiwan",
      "country_code": "TW",
      "lat": 22.9833,
      "lon": 120.1833,
      "population": 1856642
    },
    {
      "name": "Pingliang",
      "country": "China",
      "country_code": "CN",
      "lat": 35.5424,
      "lon": 106.6649,
      "population": 1848607
    },
    {
      "name": "Siping",
      "country": "China",
      "country_code": "CN",
      "lat": 43.1668,
      "lon": 124.3506,
      "population": 1814733
    },
    {
      "name": "San Juan",
      "country": "Puerto Rico",
      "country_code": "PR",
      "lat": 18.3985,
      "lon": -66.061,
      "population": 1809800
    },
    {
      "name": "Pingxiang",
      "country": "China",
      "country_code": "CN",
      "lat": 27.659,
      "lon": 113.887,
      "population": 1804805
    },
    {
      "name": "Bhopāl",
      "country": "India",
      "country_code": "IN",
      "lat": 23.2599,
      "lon": 77.4126,
      "population": 1798218
    },
    {
      "name": "Mosul",
      "country": "Iraq",
      "country_code": "IQ",
      "lat": 36.3667,
      "lon": 43.1167,
      "population": 1792000
    },
    {
      "name": "Diyarbakır",
      "country": "Turkey",
      "country_code": "TR",
      "lat": 37.91,
      "lon": 40.24,
      "population": 1791373
    },
    {
      "name": "Lubumbashi",
      "country": "Congo (Kinshasa)",
      "country_code": "CD",
      "lat": -11.6647,
      "lon": 27.4794,
      "population": 1786397
    },
    {
      "name": "Benin City",
      "country": "Nigeria",
      "country_code": "NG",
      "lat": 6.3333,
      "lon": 5.6222,
      "population": 1780000
    },
    {
      "name": "Curitiba",
      "country": "Brazil",
      "country_code": "BR",
      "lat": -25.4297,
      "lon": -49.2719,
      "population": 1773718
    },
    {
      "name": "San Jose",
      "country": "United States",
      "country_code": "US",
      "lat": 37.3012,
      "lon": -121.848,
      "population": 1771563
    },
    {
      "name": "Shuyangzha",
      "country": "China",
      "country_code": "CN",
      "lat": 34.1299,
      "lon": 118.7734,
      "population": 1770000
    },
    {
      "name": "Adana",
      "country": "Turkey",
      "country_code": "TR",
      "lat": 37.0,
      "lon": 35.3213,
      "population": 1765981
    },
    {
      "name": "Quito",
      "country": "Ecuador",
      "country_code": "EC",
      "lat": -0.22,
      "lon": -78.5125,
      "population": 1763275
    },
    {
      "name": "Āgra",
      "country": "India",
      "country_code": "IN",
      "lat": 27.18,
      "lon": 78.02,
      "population": 1760285
    },
    {
      "name": "Peyanvilai",
      "country": "India",
      "country_code": "IN",
      "lat": 8.9,
      "lon": 77.9833,
      "population": 1750176
    },
    {
      "name": "Lusaka",
      "country": "Zambia",
      "country_code": "ZM",
      "lat": -15.4167,
      "lon": 28.2833,
      "population": 1747152
    },
    {
      "name": "Indianapolis",
      "country": "United States",
      "country_code": "US",
      "lat": 39.7771,
      "lon": -86.1458,
      "population": 1740984
    },
    {
      "name": "Hyderabad City",
      "country": "Pakistan",
      "country_code": "PK",
      "lat": 25.3792,
      "lon": 68.3683,
      "population": 1732693
    },
    {
      "name": "Pimpri-Chinchwad",
      "country": "India",
      "country_code": "IN",
      "lat": 18.6186,
      "lon": 73.8037,
      "population": 1729320
    },
    {
      "name": "Maracay",
      "country": "Venezuela",
      "country_code": "VE",
      "lat": 10.2469,
      "lon": -67.5961,
      "population": 1723236
    },
    {
      "name": "Masqaţ",
      "country": "Oman",
      "country_code": "OM",
      "lat": 23.614,
      "lon": 58.5911,
      "population": 1720000
    },
    {
      "name": "Montevideo",
      "country": "Uruguay",
      "country_code": "UY",
      "lat": -34.9056,
      "lon": -56.1842,
      "population": 1719453
    },
    {
      "name": "Pittsburgh",
      "country": "United States",
      "country_code": "US",
      "lat": 40.4397,
      "lon": -79.9763,
      "population": 1712828
    },
    {
      "name": "Cincinnati",
      "country": "United States",
      "country_code": "US",
      "lat": 39.1413,
      "lon": -84.506,
      "population": 1704916
    },
    {
      "name": "Manhattan",
      "country": "United States",
      "country_code": "US",
      "lat": 40.7834,
      "lon": -73.9662,
      "population": 1694263
    },
    {
      "name": "Kansas City",
      "country": "United States",
      "country_code": "US",
      "lat": 39.1238,
      "lon": -94.5541,
      "population": 1686807
    },
    {
      "name": "Budapest",
      "country": "Hungary",
      "country_code": "HU",
      "lat": 47.4983,
      "lon": 19.0408,
      "population": 1686222
    },
    {
      "name": "Patna",
      "country": "India",
      "country_code": "IN",
      "lat": 25.594,
      "lon": 85.1376,
      "population": 1684222
    },
    {
      "name": "Kampala",
      "country": "Uganda",
      "country_code": "UG",
      "lat": 0.3136,
      "lon": 32.5811,
      "population": 1680600
    },
    {
      "name": "Beihai",
      "country": "China",
      "country_code": "CN",
      "lat": 21.481,
      "lon": 109.12,
      "population": 1680000
    },
    {
      "name": "Sanzhou",
      "country": "China",
      "country_code": "CN",
      "lat": 30.82,
      "lon": 108.4,
      "population": 1680000
    },
    {
      "name": "Cleveland",
      "country": "United States",
      "country_code": "US",
      "lat": 41.4764,
      "lon": -81.6805,
      "population": 1679247
    },
    {
      "name": "Conakry",
      "country": "Guinea",
      "country_code": "GN",
      "lat": 9.5092,
      "lon": -13.7122,
      "population": 1667864
    },
    {
      "name": "Ximeicun",
      "country": "China",
      "country_code": "CN",
      "lat": 24.9612,
      "lon": 118.3849,
      "population": 1663542
    },
    {
      "name": "Caloocan City",
      "country": "Philippines",
      "country_code": "PH",
      "lat": 14.65,
      "lon": 120.97,
      "population": 1661584
    },
    {
      "name": "Ecatepec",
      "country": "Mexico",
      "country_code": "MX",
      "lat": 19.6097,
      "lon": -99.06,
      "population": 1655015
    },
    {
      "name": "Yushan",
      "country": "China",
      "country_code": "CN",
      "lat": 31.322,
      "lon": 120.985,
      "population": 1652159
    },
    {
      "name": "Fuxin",
      "country": "China",
      "country_code": "CN",
      "lat": 42.022,
      "lon": 121.67,
      "population": 1647280
    },
    {
      "name": "Novosibirsk",
      "country": "Russia",
      "country_code": "RU",
      "lat": 55.05,
      "lon": 82.95,
      "population": 1633851
    },
    {
      "name": "Bilāspur",
      "country": "India",
      "country_code": "IN",
      "lat": 22.09,
      "lon": 82.15,
      "population": 1625502
    },
    {
      "name": "Semarang",
      "country": "Indonesia",
      "country_code": "ID",
      "lat": -6.99,
      "lon": 110.4225,
      "population": 1621384
    },
    {
      "name": "Jingdezhen",
      "country": "China",
      "country_code": "CN",
      "lat": 29.2917,
      "lon": 117.1986,
      "population": 1618979
    },
    {
      "name": "Ludhiāna",
      "country": "India",
      "country_code": "IN",
      "lat": 30.91,
      "lon": 75.85,
      "population": 1618879
    },
    {
      "name": "Liaoyang",
      "country": "China",
      "country_code": "CN",
      "lat": 41.279,
      "lon": 123.176,
      "population": 1604580
    },
    {
      "name": "Jiangyin",
      "country": "China",
      "country_code": "CN",
      "lat": 31.839,
      "lon": 120.295,
      "population": 1595138
    },
    {
      "name": "Valencia",
      "country": "Spain",
      "country_code": "ES",
      "lat": 39.47,
      "lon": -0.3764,
      "population": 1595000
    },
    {
      "name": "Shuozhou",
      "country": "China",
      "country_code": "CN",
      "lat": 39.3317,
      "lon": 112.4329,
      "population": 1593444
    },
    {
      "name": "León de los Aldama",
      "country": "Mexico",
      "country_code": "MX",
      "lat": 21.1167,
      "lon": -101.6833,
      "population": 1579803
    },
    {
      "name": "Columbus",
      "country": "United States",
      "country_code": "US",
      "lat": 39.9862,
      "lon": -82.9855,
      "population": 1578153
    },
    {
      "name": "Puebla",
      "country": "Mexico",
      "country_code": "MX",
      "lat": 19.0333,
      "lon": -98.1833,
      "population": 1576259
    },
    {
      "name": "Biên Hòa",
      "country": "Vietnam",
      "country_code": "VN",
      "lat": 10.95,
      "lon": 106.8167,
      "population": 1575000
    },
    {
      "name": "Chengtangcun",
      "country": "China",
      "country_code": "CN",
      "lat": 35.0833,
      "lon": 117.15,
      "population": 1574648
    },
    {
      "name": "Yopougon",
      "country": "Côte d’Ivoire",
      "country_code": "CI",
      "lat": 5.3748,
      "lon": -4.0867,
      "population": 1571065
    },
    {
      "name": "Hebi",
      "country": "China",
      "country_code": "CN",
      "lat": 35.748,
      "lon": 114.297,
      "population": 1565973
    },
    {
      "name": "Shīrāz",
      "country": "Iran",
      "country_code": "IR",
      "lat": 29.61,
      "lon": 52.5425,
      "population": 1565572
    },
    {
      "name": "Dushanbe",
      "country": "Tajikistan",
      "country_code": "TJ",
      "lat": 38.5367,
      "lon": 68.78,
      "population": 1564700
    },
    {
      "name": "Madurai",
      "country": "India",
      "country_code": "IN",
      "lat": 9.9252,
      "lon": 78.1198,
      "population": 1561129
    },
    {
      "name": "Huzhou",
      "country": "China",
      "country_code": "CN",
      "lat": 30.8925,
      "lon": 120.0875,
      "population": 1558826
    },
    {
      "name": "Harare",
      "country": "Zimbabwe",
      "country_code": "ZW",
      "lat": -17.8292,
      "lon": 31.0522,
      "population": 1558823
    },
    {
      "name": "Tabrīz",
      "country": "Iran",
      "country_code": "IR",
      "lat": 38.0817,
      "lon": 46.2992,
      "population": 1558693
    },
    {
      "name": "Jamshedpur",
      "country": "India",
      "country_code": "IN",
      "lat": 22.7925,
      "lon": 86.1842,
      "population": 1558000
    },
    {
      "name": "Baicheng",
      "country": "China",
      "country_code": "CN",
      "lat": 45.62,
      "lon": 122.838,
      "population": 1551378
    },
    {
      "name": "San José",
      "country": "Costa Rica",
      "country_code": "CR",
      "lat": 9.9325,
      "lon": -84.08,
      "population": 1543000
    }
  ]
}